{"m": 0.03313877314024823, "mD": 26.19736842105263}